{
  "type": "FeatureCollection",
  "generator": "overpass-turbo",
  "copyright": "The data included in this document is from www.openstreetmap.org. The data is made available under ODbL.",
  "timestamp": "2026-09-17T16:54:36Z",
  "features": [
    {
      "type": "Feature",
      "properties": {
        "@id": "relation/16122796",
        "addr:city": "Minneapolis",
        "addr:country": "US",
        "addr:housenumber": "111",
        "addr:postcode": "55455",
        "addr:state": "MN",
        "addr:street": "Southeast Church Street",
        "building": "university",
        "building:levels": "4",
        "faculty": "mechanical engineering",
        "name": "Mechanical Engineering",
        "operator": "University of Minnesota",
        "operator:wikidata": "Q238101",
        "roof:shape": "flat",
        "short_name": "MechE",
        "source": "UMN Final Data.xlsx 2014-03-07",
        "start_date": "1948",
        "type": "multipolygon",
        "umn:BuildingCenterXYLatitude": "44.975344",
        "umn:BuildingCenterXYLongitude": "-93.233189",
        "umn:BuildingNumber": "265",
        "umn:CampusNumber": "1"
      },
      "geometry": {
        "type": "MultiPolygon",
        "coordinates": [
          [
            [
              [
                -93.2332762,
                44.9759
              ],
              [
                -93.2334219,
                44.9758996
              ],
              [
                -93.2334218,
                44.9758712
              ],
              [
                -93.2334211,
                44.9757248
              ],
              [
                -93.2334205,
                44.9756038
              ],
              [
                -93.2334205,
                44.9755917
              ],
              [
                -93.2333571,
                44.9755918
              ],
              [
                -93.2333572,
                44.9756127
              ],
              [
                -93.2332748,
                44.9756129
              ],
              [
                -93.2332761,
                44.9758706
              ],
              [
                -93.2332762,
                44.9759
              ]
            ]
          ],
          [
            [
              [
                -93.2336703,
                44.9756034
              ],
              [
                -93.2336699,
                44.9755294
              ],
              [
                -93.2336906,
                44.9755274
              ],
              [
                -93.2336887,
                44.9754741
              ],
              [
                -93.2336873,
                44.9754326
              ],
              [
                -93.2336869,
                44.9754221
              ],
              [
                -93.233668,
                44.9754207
              ],
              [
                -93.2336629,
                44.9751506
              ],
              [
                -93.2336863,
                44.9751499
              ],
              [
                -93.2336857,
                44.9751229
              ],
              [
                -93.233685,
                44.9750928
              ],
              [
                -93.2336889,
                44.9750435
              ],
              [
                -93.2336726,
                44.9750432
              ],
              [
                -93.2336733,
                44.9749719
              ],
              [
                -93.2336136,
                44.9749728
              ],
              [
                -93.2335397,
                44.9749736
              ],
              [
                -93.233484,
                44.9749738
              ],
              [
                -93.2334639,
                44.9749739
              ],
              [
                -93.2332868,
                44.9749766
              ],
              [
                -93.2332865,
                44.9749713
              ],
              [
                -93.2332646,
                44.9749723
              ],
              [
                -93.2332522,
                44.9749624
              ],
              [
                -93.2332432,
                44.9749553
              ],
              [
                -93.2332211,
                44.9749673
              ],
              [
                -93.2331834,
                44.9749416
              ],
              [
                -93.2331426,
                44.9749694
              ],
              [
                -93.2331142,
                44.9749692
              ],
              [
                -93.2331179,
                44.9750142
              ],
              [
                -93.2331388,
                44.9750275
              ],
              [
                -93.23303,
                44.9750288
              ],
              [
                -93.23303,
                44.974994
              ],
              [
                -93.2330046,
                44.974994
              ],
              [
                -93.233002,
                44.974936
              ],
              [
                -93.23284,
                44.9749372
              ],
              [
                -93.2328074,
                44.9749374
              ],
              [
                -93.2328074,
                44.9749635
              ],
              [
                -93.2328074,
                44.974993
              ],
              [
                -93.2329,
                44.9749935
              ],
              [
                -93.2329,
                44.975026
              ],
              [
                -93.2326374,
                44.9750266
              ],
              [
                -93.2326374,
                44.975198
              ],
              [
                -93.2327267,
                44.9751973
              ],
              [
                -93.2333402,
                44.9751925
              ],
              [
                -93.2334185,
                44.9751919
              ],
              [
                -93.2334185,
                44.9754166
              ],
              [
                -93.2328678,
                44.9754154
              ],
              [
                -93.232759,
                44.9754152
              ],
              [
                -93.2327425,
                44.9754152
              ],
              [
                -93.2327245,
                44.9754151
              ],
              [
                -93.2325276,
                44.9754147
              ],
              [
                -93.2325267,
                44.9753947
              ],
              [
                -93.2324903,
                44.975396
              ],
              [
                -93.2324888,
                44.9756048
              ],
              [
                -93.2324888,
                44.9756153
              ],
              [
                -93.2332748,
                44.9756129
              ],
              [
                -93.2333572,
                44.9756127
              ],
              [
                -93.2333571,
                44.9755918
              ],
              [
                -93.2334205,
                44.9755917
              ],
              [
                -93.2334205,
                44.9756038
              ],
              [
                -93.2336703,
                44.9756034
              ]
            ]
          ]
        ]
      },
      "id": "relation/16122796"
    },
    {
      "type": "Feature",
      "properties": {
        "@id": "way/23014165",
        "addr:city": "Minneapolis",
        "addr:country": "US",
        "addr:housenumber": "117",
        "addr:postcode": "55455",
        "addr:state": "MN",
        "addr:street": "Southeast Pleasant Street",
        "amenity": "library",
        "building": "yes",
        "description": "Science and Engineering Library of the University of Minnesota",
        "name": "Walter Library",
        "name:etymology:wikidata": "Q18911549",
        "opening_hours": "Mo-Fr 08:00-20:00; Sa,Su 12:00-18:00",
        "operator": "University of Minnesota Libraries",
        "operator:type": "university",
        "operator:wikidata": "Q7895799",
        "short_name": "WaLib",
        "source": "UMN Final Data.xlsx 2014-03-07",
        "start_date": "1922",
        "umn:BuildingCenterXYLatitude": "44.975284",
        "umn:BuildingCenterXYLongitude": "-93.236276",
        "umn:BuildingNumber": "42",
        "umn:CampusNumber": "1",
        "wheelchair": "yes",
        "wikidata": "Q16902868"
      },
      "geometry": {
        "type": "Polygon",
        "coordinates": [
          [
            [
              -93.2367023,
              44.975456
            ],
            [
              -93.2367006,
              44.9752712
            ],
            [
              -93.2366989,
              44.9750941
            ],
            [
              -93.2365901,
              44.9750946
            ],
            [
              -93.2365892,
              44.9749964
            ],
            [
              -93.2365525,
              44.9749966
            ],
            [
              -93.2363093,
              44.9749977
            ],
            [
              -93.2360165,
              44.9749991
            ],
            [
              -93.2358857,
              44.9749998
            ],
            [
              -93.2358883,
              44.9752736
            ],
            [
              -93.2358911,
              44.9755634
            ],
            [
              -93.2360337,
              44.9755627
            ],
            [
              -93.2365535,
              44.9755602
            ],
            [
              -93.236602,
              44.97556
            ],
            [
              -93.2366011,
              44.9754565
            ],
            [
              -93.2366615,
              44.9754562
            ],
            [
              -93.2367023,
              44.975456
            ]
          ]
        ]
      },
      "id": "way/23014165"
    },
    {
      "type": "Feature",
      "properties": {
        "@id": "way/23158781",
        "addr:city": "Minneapolis",
        "addr:country": "US",
        "addr:housenumber": "206",
        "addr:postcode": "55455",
        "addr:state": "MN",
        "addr:street": "Southeast Church Street",
        "building": "university",
        "building:levels": "4",
        "building:min_level": "1",
        "description": "Journalism",
        "layer": "1",
        "name": "Murphy Hall",
        "name:zh": "墨菲楼",
        "operator": "University of Minnesota",
        "operator:wikidata": "Q238101",
        "short_name": "MurH",
        "source": "UMN Final Data.xlsx 2014-03-07",
        "start_date": "1939",
        "umn:BuildingCenterXYLatitude": "44.974515",
        "umn:BuildingCenterXYLongitude": "-93.234236",
        "umn:BuildingNumber": "62",
        "umn:CampusNumber": "1"
      },
      "geometry": {
        "type": "Polygon",
        "coordinates": [
          [
            [
              -93.2340709,
              44.9748155
            ],
            [
              -93.2342544,
              44.9748153
            ],
            [
              -93.234273,
              44.9748153
            ],
            [
              -93.2342729,
              44.9747839
            ],
            [
              -93.2342915,
              44.9747839
            ],
            [
              -93.2343096,
              44.9747839
            ],
            [
              -93.2343095,
              44.9747125
            ],
            [
              -93.2343569,
              44.9747125
            ],
            [
              -93.2343567,
              44.9746422
            ],
            [
              -93.2343561,
              44.9743773
            ],
            [
              -93.2343559,
              44.9743047
            ],
            [
              -93.2343036,
              44.9743048
            ],
            [
              -93.2343035,
              44.9742378
            ],
            [
              -93.2342583,
              44.9742378
            ],
            [
              -93.2342582,
              44.9742067
            ],
            [
              -93.2341745,
              44.9742068
            ],
            [
              -93.2341135,
              44.9742069
            ],
            [
              -93.2340697,
              44.9742069
            ],
            [
              -93.23407,
              44.9743354
            ],
            [
              -93.23407,
              44.974342
            ],
            [
              -93.234119,
              44.974342
            ],
            [
              -93.234119,
              44.9743613
            ],
            [
              -93.2341191,
              44.9743902
            ],
            [
              -93.2341196,
              44.9746421
            ],
            [
              -93.2341197,
              44.974669
            ],
            [
              -93.2341197,
              44.9746823
            ],
            [
              -93.2340706,
              44.9746823
            ],
            [
              -93.2340709,
              44.9748155
            ]
          ]
        ]
      },
      "id": "way/23158781"
    },
    {
      "type": "Feature",
      "properties": {
        "@id": "way/23158786",
        "addr:city": "Minneapolis",
        "addr:country": "US",
        "addr:housenumber": "101",
        "addr:postcode": "55455",
        "addr:state": "MN",
        "addr:street": "Southeast Pleasant Street",
        "building": "university",
        "building:levels": "4",
        "name": "Johnston Hall",
        "operator": "University of Minnesota",
        "operator:wikidata": "Q238101",
        "short_name": "JohH",
        "source": "UMN Final Data.xlsx 2014-03-07",
        "start_date": "1950",
        "umn:BuildingCenterXYLatitude": "44.975867",
        "umn:BuildingCenterXYLongitude": "-93.236282",
        "umn:BuildingNumber": "73",
        "umn:CampusNumber": "1"
      },
      "geometry": {
        "type": "Polygon",
        "coordinates": [
          [
            [
              -93.2359004,
              44.9759672
            ],
            [
              -93.2360292,
              44.9759669
            ],
            [
              -93.2361226,
              44.9759666
            ],
            [
              -93.2361225,
              44.9759576
            ],
            [
              -93.236477,
              44.9759567
            ],
            [
              -93.2366913,
              44.9759562
            ],
            [
              -93.236691,
              44.9758845
            ],
            [
              -93.2366909,
              44.9758627
            ],
            [
              -93.2366908,
              44.9758365
            ],
            [
              -93.2366905,
              44.9757674
            ],
            [
              -93.2365376,
              44.9757678
            ],
            [
              -93.2361302,
              44.9757687
            ],
            [
              -93.2361302,
              44.9757597
            ],
            [
              -93.2360412,
              44.9757599
            ],
            [
              -93.236027,
              44.9757599
            ],
            [
              -93.2360104,
              44.9757599
            ],
            [
              -93.2359971,
              44.97576
            ],
            [
              -93.2358933,
              44.9757602
            ],
            [
              -93.2358935,
              44.9757953
            ],
            [
              -93.2358592,
              44.9757953
            ],
            [
              -93.2358593,
              44.9758284
            ],
            [
              -93.2358595,
              44.9758672
            ],
            [
              -93.2358598,
              44.9759286
            ],
            [
              -93.2359002,
              44.9759285
            ],
            [
              -93.2359004,
              44.9759672
            ]
          ]
        ]
      },
      "id": "way/23158786"
    },
    {
      "type": "Feature",
      "properties": {
        "@id": "way/24039199",
        "addr:city": "Minneapolis",
        "addr:country": "US",
        "addr:housenumber": "207",
        "addr:postcode": "55455",
        "addr:state": "MN",
        "addr:street": "Southeast Pleasant Street",
        "building": "university",
        "building:levels": "3",
        "name": "Smith Hall",
        "operator": "University of Minnesota",
        "operator:wikidata": "Q238101",
        "roof:shape": "flat",
        "short_name": "SmithH",
        "source": "UMN Final Data.xlsx 2014-03-07",
        "start_date": "1913",
        "toilets:wheelchair": "yes",
        "umn:BuildingCenterXYLatitude": "44.974506",
        "umn:BuildingCenterXYLongitude": "-93.236262",
        "umn:BuildingNumber": "35",
        "umn:CampusNumber": "1",
        "wheelchair": "yes",
        "wheelchair:description": "Use ramp on north side of building or go through skyway from Kolthoff Hall."
      },
      "geometry": {
        "type": "Polygon",
        "coordinates": [
          [
            [
              -93.2358823,
              44.9747764
            ],
            [
              -93.2359942,
              44.9747761
            ],
            [
              -93.2365828,
              44.9747745
            ],
            [
              -93.2365814,
              44.9745111
            ],
            [
              -93.2365798,
              44.9742291
            ],
            [
              -93.2365069,
              44.9742292
            ],
            [
              -93.2363123,
              44.9742298
            ],
            [
              -93.2359935,
              44.9742307
            ],
            [
              -93.2358793,
              44.974231
            ],
            [
              -93.2358808,
              44.9745101
            ],
            [
              -93.2358823,
              44.9747764
            ]
          ]
        ]
      },
      "id": "way/24039199"
    },
    {
      "type": "Feature",
      "properties": {
        "@id": "way/28989390",
        "addr:city": "Minneapolis",
        "addr:country": "US",
        "addr:housenumber": "100",
        "addr:postcode": "55455",
        "addr:state": "MN",
        "addr:street": "Southeast Church Street",
        "building": "yes",
        "description": "administration",
        "name": "Morrill Hall",
        "name:zh": "莫里尔楼",
        "operator": "University of Minnesota",
        "operator:wikidata": "Q238101",
        "short_name": "MorH",
        "source": "UMN Final Data.xlsx 2014-03-07",
        "start_date": "1924",
        "umn:BuildingCenterXYLatitude": "44.975867",
        "umn:BuildingCenterXYLongitude": "-93.234496",
        "umn:BuildingNumber": "46",
        "umn:CampusNumber": "1"
      },
      "geometry": {
        "type": "Polygon",
        "coordinates": [
          [
            [
              -93.2348423,
              44.9759715
            ],
            [
              -93.234842,
              44.9759385
            ],
            [
              -93.2348619,
              44.9759384
            ],
            [
              -93.2348618,
              44.9759306
            ],
            [
              -93.234883,
              44.9759305
            ],
            [
              -93.234883,
              44.9759234
            ],
            [
              -93.2348825,
              44.9758662
            ],
            [
              -93.2348822,
              44.9758374
            ],
            [
              -93.2348823,
              44.9758108
            ],
            [
              -93.2348823,
              44.9758054
            ],
            [
              -93.2348606,
              44.9758056
            ],
            [
              -93.2348605,
              44.9757969
            ],
            [
              -93.2348418,
              44.975797
            ],
            [
              -93.2348415,
              44.9757737
            ],
            [
              -93.2348277,
              44.9757738
            ],
            [
              -93.2347504,
              44.9757739
            ],
            [
              -93.2347359,
              44.9757739
            ],
            [
              -93.234726,
              44.9757736
            ],
            [
              -93.2347112,
              44.9757731
            ],
            [
              -93.234618,
              44.9757739
            ],
            [
              -93.234618,
              44.9757823
            ],
            [
              -93.2340602,
              44.9757827
            ],
            [
              -93.2340602,
              44.975817
            ],
            [
              -93.2340602,
              44.9758289
            ],
            [
              -93.2340603,
              44.9758578
            ],
            [
              -93.2340604,
              44.975891
            ],
            [
              -93.2340604,
              44.9759131
            ],
            [
              -93.2340604,
              44.9759568
            ],
            [
              -93.2346192,
              44.9759564
            ],
            [
              -93.2346192,
              44.9759716
            ],
            [
              -93.2348423,
              44.9759715
            ]
          ]
        ]
      },
      "id": "way/28989390"
    },
    {
      "type": "Feature",
      "properties": {
        "@id": "way/28989549",
        "addr:city": "Minneapolis",
        "addr:country": "US",
        "addr:housenumber": "116",
        "addr:postcode": "55455",
        "addr:state": "MN",
        "addr:street": "Southeast Church Street",
        "building": "university",
        "building:levels": "4",
        "description": "School of Physics and Astronomy",
        "name": "Tate Laboratory of Physics",
        "operator": "University of Minnesota",
        "operator:wikidata": "Q238101",
        "roof:shape": "flat",
        "short_name": "Phys",
        "source": "UMN Final Data.xlsx 2014-03-07",
        "start_date": "1926",
        "umn:BuildingCenterXYLatitude": "44.975285",
        "umn:BuildingCenterXYLongitude": "-93.234513",
        "umn:BuildingNumber": "49",
        "umn:CampusNumber": "1"
      },
      "geometry": {
        "type": "Polygon",
        "coordinates": [
          [
            [
              -93.2348301,
              44.9755631
            ],
            [
              -93.2348264,
              44.9753548
            ],
            [
              -93.2348737,
              44.9753544
            ],
            [
              -93.2348723,
              44.9752768
            ],
            [
              -93.234871,
              44.9752026
            ],
            [
              -93.2348305,
              44.975203
            ],
            [
              -93.2348269,
              44.9749973
            ],
            [
              -93.2342971,
              44.975002
            ],
            [
              -93.2342743,
              44.975002
            ],
            [
              -93.2341348,
              44.9750013
            ],
            [
              -93.2341323,
              44.9751129
            ],
            [
              -93.2341025,
              44.9751124
            ],
            [
              -93.2340746,
              44.9751124
            ],
            [
              -93.2340757,
              44.9751765
            ],
            [
              -93.2340754,
              44.9751998
            ],
            [
              -93.2340313,
              44.9751996
            ],
            [
              -93.2340301,
              44.9752381
            ],
            [
              -93.2340291,
              44.9753338
            ],
            [
              -93.2340288,
              44.9753605
            ],
            [
              -93.234134,
              44.975361
            ],
            [
              -93.234132,
              44.9754137
            ],
            [
              -93.2340775,
              44.9754144
            ],
            [
              -93.234077,
              44.9754739
            ],
            [
              -93.2340902,
              44.9754738
            ],
            [
              -93.2341085,
              44.9754736
            ],
            [
              -93.2341328,
              44.9754733
            ],
            [
              -93.234132,
              44.9755485
            ],
            [
              -93.2342663,
              44.9755492
            ],
            [
              -93.234266,
              44.9755754
            ],
            [
              -93.2342657,
              44.9756048
            ],
            [
              -93.234346,
              44.9756052
            ],
            [
              -93.2343843,
              44.9756051
            ],
            [
              -93.2343839,
              44.9755662
            ],
            [
              -93.2346118,
              44.975565
            ],
            [
              -93.2347376,
              44.9755639
            ],
            [
              -93.2348301,
              44.9755631
            ]
          ]
        ]
      },
      "id": "way/28989549"
    },
    {
      "type": "Feature",
      "properties": {
        "@id": "way/29060634",
        "access": "yes",
        "addr:city": "Minneapolis",
        "addr:country": "US",
        "addr:housenumber": "501",
        "addr:postcode": "55455",
        "addr:state": "MN",
        "addr:street": "Southeast Washington Avenue",
        "amenity": "parking",
        "building": "university",
        "building:levels": "6",
        "capacity": "1294",
        "fee": "yes",
        "image": "http://www1.umn.edu/pts/park/facilities/images/washaveramp.jpg",
        "maxheight:physical": "6’8”",
        "name": "Washington Avenue Parking Ramp",
        "name:zh": "华盛顿大道停车场",
        "opening_hours": "24/7",
        "operator": "University of Minnesota",
        "operator:wikidata": "Q238101",
        "parking": "multi-storey",
        "short_name": "WashRamp",
        "source": "UMN Final Data.xlsx 2014-03-07",
        "start_date": "1984",
        "umn:BuildingCenterXYLatitude": "44.97426",
        "umn:BuildingCenterXYLongitude": "-93.231111",
        "umn:BuildingNumber": "158",
        "umn:CampusNumber": "1",
        "umn:NameAbbreviation": "WashRamp",
        "umn:PTSNameAbbreviation": "WAR",
        "website": "http://www1.umn.edu/pts/park/facilities/washave.html"
      },
      "geometry": {
        "type": "Polygon",
        "coordinates": [
          [
            [
              -93.2317405,
              44.9745797
            ],
            [
              -93.2317415,
              44.974086
            ],
            [
              -93.2317453,
              44.9738805
            ],
            [
              -93.2316554,
              44.9738807
            ],
            [
              -93.2316558,
              44.9739217
            ],
            [
              -93.2316186,
              44.9739213
            ],
            [
              -93.2315745,
              44.9739208
            ],
            [
              -93.2314135,
              44.9739205
            ],
            [
              -93.2314138,
              44.9739406
            ],
            [
              -93.2314141,
              44.9739651
            ],
            [
              -93.2305281,
              44.9739686
            ],
            [
              -93.2304664,
              44.9739688
            ],
            [
              -93.2304744,
              44.9740368
            ],
            [
              -93.2304709,
              44.9742468
            ],
            [
              -93.2304709,
              44.9742588
            ],
            [
              -93.2304709,
              44.9742781
            ],
            [
              -93.2304721,
              44.9745856
            ],
            [
              -93.2305154,
              44.9745902
            ],
            [
              -93.2306786,
              44.9745873
            ],
            [
              -93.231022,
              44.9745832
            ],
            [
              -93.2310466,
              44.9745829
            ],
            [
              -93.2311669,
              44.9745823
            ],
            [
              -93.2312624,
              44.974582
            ],
            [
              -93.2315446,
              44.9745811
            ],
            [
              -93.2317068,
              44.9745803
            ],
            [
              -93.2317405,
              44.9745797
            ]
          ]
        ]
      },
      "id": "way/29060634"
    },
    {
      "type": "Feature",
      "properties": {
        "@id": "way/29120161",
        "addr:city": "Minneapolis",
        "addr:country": "US",
        "addr:housenumber": "224",
        "addr:postcode": "55455",
        "addr:state": "MN",
        "addr:street": "Southeast Church Street",
        "building": "university",
        "building:levels": "4",
        "name": "Ford Hall",
        "name:zh": "福特楼",
        "operator": "University of Minnesota",
        "operator:wikidata": "Q238101",
        "roof:levels": "0",
        "short_name": "FordH",
        "source": "UMN Final Data.xlsx 2014-03-07",
        "start_date": "1950",
        "umn:BuildingCenterXYLatitude": "44.973931",
        "umn:BuildingCenterXYLongitude": "-93.234454",
        "umn:BuildingNumber": "71",
        "umn:CampusNumber": "1"
      },
      "geometry": {
        "type": "Polygon",
        "coordinates": [
          [
            [
              -93.2348382,
              44.9740171
            ],
            [
              -93.2348387,
              44.9739317
            ],
            [
              -93.2348391,
              44.9738663
            ],
            [
              -93.2348393,
              44.9738381
            ],
            [
              -93.2340411,
              44.9738358
            ],
            [
              -93.234041,
              44.9738599
            ],
            [
              -93.2340405,
              44.973934
            ],
            [
              -93.2340403,
              44.9739706
            ],
            [
              -93.2340401,
              44.9739942
            ],
            [
              -93.23404,
              44.9740148
            ],
            [
              -93.2341709,
              44.9740141
            ],
            [
              -93.2342256,
              44.9740138
            ],
            [
              -93.2344883,
              44.9740157
            ],
            [
              -93.2348382,
              44.9740171
            ]
          ]
        ]
      },
      "id": "way/29120161"
    },
    {
      "type": "Feature",
      "properties": {
        "@id": "way/29120176",
        "addr:city": "Minneapolis",
        "addr:country": "US",
        "addr:housenumber": "89",
        "addr:postcode": "55455",
        "addr:state": "MN",
        "addr:street": "Southeast Church Street",
        "building": "university",
        "building:levels": "3",
        "description": "Architecture",
        "name": "Ralph Rapson Hall",
        "official_name": "Ralph Rapson Hall",
        "operator": "University of Minnesota",
        "operator:wikidata": "Q238101",
        "roof:levels": "1",
        "roof:shape": "flat",
        "short_name": "RapsonH",
        "source": "UMN Final Data.xlsx 2014-03-07",
        "start_date": "1958",
        "umn:BuildingCenterXYLatitude": "44.976288",
        "umn:BuildingCenterXYLongitude": "-93.233201",
        "umn:BuildingNumber": "112",
        "umn:CampusNumber": "1"
      },
      "geometry": {
        "type": "Polygon",
        "coordinates": [
          [
            [
              -93.2330195,
              44.9764232
            ],
            [
              -93.2330271,
              44.9764416
            ],
            [
              -93.2330989,
              44.9766148
            ],
            [
              -93.2328253,
              44.9767204
            ],
            [
              -93.2327932,
              44.9767328
            ],
            [
              -93.2329254,
              44.976785
            ],
            [
              -93.2331051,
              44.9767183
            ],
            [
              -93.233122,
              44.9767121
            ],
            [
              -93.2331383,
              44.9767059
            ],
            [
              -93.2332173,
              44.9768961
            ],
            [
              -93.2332625,
              44.9768936
            ],
            [
              -93.2333033,
              44.9768863
            ],
            [
              -93.2333458,
              44.9768772
            ],
            [
              -93.2333898,
              44.9768647
            ],
            [
              -93.2334353,
              44.9768469
            ],
            [
              -93.2332837,
              44.9766359
            ],
            [
              -93.2335332,
              44.9765649
            ],
            [
              -93.2335226,
              44.9765498
            ],
            [
              -93.2335129,
              44.9765334
            ],
            [
              -93.2334825,
              44.9764818
            ],
            [
              -93.2334462,
              44.9764925
            ],
            [
              -93.2332119,
              44.9765614
            ],
            [
              -93.2331555,
              44.9764252
            ],
            [
              -93.2334471,
              44.9764227
            ],
            [
              -93.2335583,
              44.9764246
            ],
            [
              -93.2335566,
              44.9762738
            ],
            [
              -93.233557,
              44.9761922
            ],
            [
              -93.2335536,
              44.9758985
            ],
            [
              -93.2334219,
              44.9758996
            ],
            [
              -93.2332762,
              44.9759
            ],
            [
              -93.2328695,
              44.9758998
            ],
            [
              -93.2328174,
              44.9758998
            ],
            [
              -93.2328173,
              44.9759412
            ],
            [
              -93.2328171,
              44.9760759
            ],
            [
              -93.2328171,
              44.976084
            ],
            [
              -93.2328165,
              44.9764233
            ],
            [
              -93.2330195,
              44.9764232
            ]
          ]
        ]
      },
      "id": "way/29120176"
    },
    {
      "type": "Feature",
      "properties": {
        "@id": "way/29335936",
        "addr:city": "Minneapolis",
        "addr:country": "US",
        "addr:housenumber": "200",
        "addr:postcode": "55455",
        "addr:state": "MN",
        "addr:street": "Southeast Union Street",
        "building": "university",
        "building:levels": "6",
        "name": "Kenneth H Keller Hall",
        "name:zh": "凯勒楼",
        "old_name": "Electrical Engineering and Computer Science",
        "operator": "University of Minnesota",
        "operator:wikidata": "Q238101",
        "short_name": "KHKH",
        "source": "knowledge;image",
        "start_date": "1986",
        "umn:BuildingCenterXYLatitude": "44.974534",
        "umn:BuildingCenterXYLongitude": "-93.232464",
        "umn:BuildingNumber": "165",
        "umn:CampusNumber": "1",
        "website": "http://www1.umn.edu/twincities/maps/KHKH/"
      },
      "geometry": {
        "type": "Polygon",
        "coordinates": [
          [
            [
              -93.2328127,
              44.9746463
            ],
            [
              -93.232445,
              44.9746456
            ],
            [
              -93.2324448,
              44.9744255
            ],
            [
              -93.2323966,
              44.9743933
            ],
            [
              -93.2324465,
              44.9743927
            ],
            [
              -93.232809,
              44.9743887
            ],
            [
              -93.2328113,
              44.9743573
            ],
            [
              -93.2328612,
              44.9743226
            ],
            [
              -93.2329065,
              44.9743233
            ],
            [
              -93.2329055,
              44.9742933
            ],
            [
              -93.2329564,
              44.9742913
            ],
            [
              -93.2329574,
              44.9742579
            ],
            [
              -93.2330007,
              44.9742586
            ],
            [
              -93.2329998,
              44.9742253
            ],
            [
              -93.2330441,
              44.9741919
            ],
            [
              -93.2330922,
              44.9741906
            ],
            [
              -93.2330912,
              44.9741496
            ],
            [
              -93.232592,
              44.974148
            ],
            [
              -93.2324211,
              44.9741488
            ],
            [
              -93.2322271,
              44.9741514
            ],
            [
              -93.2321778,
              44.9741521
            ],
            [
              -93.2321774,
              44.974188
            ],
            [
              -93.2320314,
              44.9741884
            ],
            [
              -93.2320274,
              44.9748026
            ],
            [
              -93.2320268,
              44.9748861
            ],
            [
              -93.2328414,
              44.9748825
            ],
            [
              -93.2330957,
              44.9748804
            ],
            [
              -93.2330988,
              44.974842
            ],
            [
              -93.2330526,
              44.974842
            ],
            [
              -93.2330292,
              44.9748267
            ],
            [
              -93.2330017,
              44.9748087
            ],
            [
              -93.2329979,
              44.974776
            ],
            [
              -93.2329546,
              44.974776
            ],
            [
              -93.2329555,
              44.9747447
            ],
            [
              -93.2329065,
              44.974744
            ],
            [
              -93.2329055,
              44.9747113
            ],
            [
              -93.2328641,
              44.9747113
            ],
            [
              -93.2328151,
              44.9746753
            ],
            [
              -93.2328127,
              44.9746463
            ]
          ]
        ]
      },
      "id": "way/29335936"
    },
    {
      "type": "Feature",
      "properties": {
        "@id": "way/29335941",
        "addr:city": "Minneapolis",
        "addr:country": "US",
        "addr:housenumber": "421",
        "addr:postcode": "55455",
        "addr:state": "MN",
        "addr:street": "Southeast Washington Avenue",
        "building": "university",
        "building:levels": "5",
        "name": "Amundson Hall",
        "name:zh": "阿蒙德森楼",
        "operator": "University of Minnesota",
        "operator:wikidata": "Q238101",
        "short_name": "AmundH",
        "source": "UMN Final Data.xlsx 2014-03-07",
        "start_date": "1949",
        "umn:BuildingCenterXYLatitude": "44.973922",
        "umn:BuildingCenterXYLongitude": "-93.233181",
        "umn:BuildingNumber": "66",
        "umn:CampusNumber": "1"
      },
      "geometry": {
        "type": "Polygon",
        "coordinates": [
          [
            [
              -93.2324201,
              44.9740997
            ],
            [
              -93.2325627,
              44.9740981
            ],
            [
              -93.2330529,
              44.9740975
            ],
            [
              -93.2330496,
              44.973976
            ],
            [
              -93.2331495,
              44.973975
            ],
            [
              -93.2331499,
              44.9740996
            ],
            [
              -93.23323,
              44.9740995
            ],
            [
              -93.2336652,
              44.9740988
            ],
            [
              -93.233665,
              44.9740407
            ],
            [
              -93.2336642,
              44.9738039
            ],
            [
              -93.2331566,
              44.9738047
            ],
            [
              -93.2325246,
              44.9738057
            ],
            [
              -93.2325237,
              44.9738679
            ],
            [
              -93.2324405,
              44.9738682
            ],
            [
              -93.2324408,
              44.9738977
            ],
            [
              -93.2324411,
              44.9739252
            ],
            [
              -93.2324793,
              44.9739249
            ],
            [
              -93.232524,
              44.9739245
            ],
            [
              -93.2325257,
              44.973981
            ],
            [
              -93.2324813,
              44.9739812
            ],
            [
              -93.2324176,
              44.9739816
            ],
            [
              -93.2324201,
              44.9740997
            ]
          ]
        ]
      },
      "id": "way/29335941"
    },
    {
      "type": "Feature",
      "properties": {
        "@id": "way/30875878",
        "addr:city": "Minneapolis",
        "addr:country": "US",
        "addr:housenumber": "225",
        "addr:postcode": "55455",
        "addr:state": "MN",
        "addr:street": "Southeast Pleasant Street",
        "building": "university",
        "building:levels": "6",
        "name": "Kolthoff Hall",
        "operator": "University of Minnesota",
        "operator:wikidata": "Q238101",
        "roof:levels": "0",
        "roof:shape": "flat",
        "short_name": "KoltH",
        "source": "UMN Final Data.xlsx 2014-03-07",
        "start_date": "1968",
        "toilets:wheelchair": "yes",
        "umn:BuildingCenterXYLatitude": "44.973928",
        "umn:BuildingCenterXYLongitude": "-93.236265",
        "umn:BuildingNumber": "122",
        "umn:CampusNumber": "1",
        "wheelchair": "yes",
        "wheelchair:description": "Both entrances accessible, elevator on west end of building. Easy connections to Smith Hall on multiple floors."
      },
      "geometry": {
        "type": "Polygon",
        "coordinates": [
          [
            [
              -93.2365892,
              44.9738238
            ],
            [
              -93.2364034,
              44.9738248
            ],
            [
              -93.236404,
              44.973782
            ],
            [
              -93.2362003,
              44.9737824
            ],
            [
              -93.2361656,
              44.9737825
            ],
            [
              -93.2361648,
              44.973826
            ],
            [
              -93.2358786,
              44.9738275
            ],
            [
              -93.2358797,
              44.9739314
            ],
            [
              -93.2358808,
              44.9740328
            ],
            [
              -93.2359932,
              44.9740322
            ],
            [
              -93.2363089,
              44.9740306
            ],
            [
              -93.2365036,
              44.9740296
            ],
            [
              -93.2365913,
              44.9740291
            ],
            [
              -93.2365897,
              44.973874
            ],
            [
              -93.2365892,
              44.9738238
            ]
          ]
        ]
      },
      "id": "way/30875878"
    },
    {
      "type": "Feature",
      "properties": {
        "@id": "way/35091113",
        "addr:city": "Minneapolis",
        "addr:country": "US",
        "addr:housenumber": "333",
        "addr:postcode": "55455",
        "addr:state": "MN",
        "addr:street": "East River Parkway",
        "building": "yes",
        "name": "Weisman Art Museum",
        "name:en": "Weisman Art Museum",
        "name:etymology:wikidata": "Q76524554",
        "name:zh": "维斯曼艺术博物馆",
        "opening_hours": "Tu,Th,Fr 10:00-17:00; We 10:00-20:00; Sa,Su 11:00-17:00",
        "operator": "University of Minnesota",
        "operator:wikidata": "Q238101",
        "short_name": "WeismanArt",
        "source": "UMN Final Data.xlsx 2014-03-07",
        "start_date": "1992",
        "tourism": "museum",
        "umn:BuildingCenterXYLatitude": "44.973048",
        "umn:BuildingCenterXYLongitude": "-93.237189",
        "umn:BuildingNumber": "172",
        "umn:CampusNumber": "1",
        "website": "https://weisman.umn.edu/",
        "wheelchair": "yes",
        "wikidata": "Q1431431",
        "wikipedia": "en:Weisman Art Museum"
      },
      "geometry": {
        "type": "Polygon",
        "coordinates": [
          [
            [
              -93.237516,
              44.9729062
            ],
            [
              -93.2374504,
              44.9729164
            ],
            [
              -93.2374549,
              44.972932
            ],
            [
              -93.2374292,
              44.972943
            ],
            [
              -93.2374149,
              44.9729438
            ],
            [
              -93.2372934,
              44.9729356
            ],
            [
              -93.2372856,
              44.9729541
            ],
            [
              -93.2372338,
              44.9729514
            ],
            [
              -93.2372338,
              44.9729078
            ],
            [
              -93.2371555,
              44.9729086
            ],
            [
              -93.2371592,
              44.9729513
            ],
            [
              -93.2368353,
              44.9729558
            ],
            [
              -93.2369032,
              44.9729232
            ],
            [
              -93.236826,
              44.9728571
            ],
            [
              -93.2368146,
              44.9728474
            ],
            [
              -93.2367147,
              44.9729009
            ],
            [
              -93.2366887,
              44.9728666
            ],
            [
              -93.2365907,
              44.9729062
            ],
            [
              -93.2366312,
              44.9729622
            ],
            [
              -93.2365707,
              44.9729367
            ],
            [
              -93.2364988,
              44.9730102
            ],
            [
              -93.2366339,
              44.973076
            ],
            [
              -93.2365846,
              44.9730757
            ],
            [
              -93.2365843,
              44.9731693
            ],
            [
              -93.2367155,
              44.9731681
            ],
            [
              -93.2367123,
              44.9732379
            ],
            [
              -93.2367277,
              44.9732391
            ],
            [
              -93.2367253,
              44.9732559
            ],
            [
              -93.2368364,
              44.97326
            ],
            [
              -93.2368247,
              44.9733145
            ],
            [
              -93.2369175,
              44.9733278
            ],
            [
              -93.2369941,
              44.9733286
            ],
            [
              -93.2369936,
              44.9733354
            ],
            [
              -93.2371413,
              44.9733199
            ],
            [
              -93.2371394,
              44.9733061
            ],
            [
              -93.2371335,
              44.9732582
            ],
            [
              -93.2371653,
              44.9732581
            ],
            [
              -93.2371647,
              44.9732373
            ],
            [
              -93.2372384,
              44.9732376
            ],
            [
              -93.2372399,
              44.9732489
            ],
            [
              -93.2372068,
              44.9732588
            ],
            [
              -93.237204,
              44.9732998
            ],
            [
              -93.2372338,
              44.9732973
            ],
            [
              -93.2372929,
              44.9732923
            ],
            [
              -93.2374288,
              44.9732913
            ],
            [
              -93.2374283,
              44.9732528
            ],
            [
              -93.2374287,
              44.9732417
            ],
            [
              -93.2374466,
              44.9732342
            ],
            [
              -93.2374607,
              44.973217
            ],
            [
              -93.2374627,
              44.9732043
            ],
            [
              -93.2374976,
              44.9731994
            ],
            [
              -93.2375176,
              44.9731798
            ],
            [
              -93.2375158,
              44.9731589
            ],
            [
              -93.2375033,
              44.9731487
            ],
            [
              -93.2375153,
              44.973138
            ],
            [
              -93.2374863,
              44.9731266
            ],
            [
              -93.2374884,
              44.9731184
            ],
            [
              -93.2374729,
              44.973119
            ],
            [
              -93.2374735,
              44.9731094
            ],
            [
              -93.2374941,
              44.9730964
            ],
            [
              -93.2375257,
              44.9730701
            ],
            [
              -93.2375378,
              44.9730679
            ],
            [
              -93.2375536,
              44.9730678
            ],
            [
              -93.2375798,
              44.9730678
            ],
            [
              -93.2375805,
              44.9730424
            ],
            [
              -93.2375799,
              44.9730186
            ],
            [
              -93.2375792,
              44.9729951
            ],
            [
              -93.2375786,
              44.9729774
            ],
            [
              -93.2375783,
              44.9729601
            ],
            [
              -93.237577,
              44.9729469
            ],
            [
              -93.2375662,
              44.972946
            ],
            [
              -93.2375678,
              44.9728995
            ],
            [
              -93.237516,
              44.9729062
            ]
          ]
        ]
      },
      "id": "way/35091113"
    },
    {
      "type": "Feature",
      "properties": {
        "@id": "way/37184292",
        "addr:city": "Minneapolis",
        "addr:country": "US",
        "addr:housenumber": "312",
        "addr:postcode": "55455",
        "addr:state": "MN",
        "addr:street": "Southeast Church Street",
        "building": "university",
        "building:levels": "5",
        "name": "Nils Hasselmo Hall",
        "name:zh": "尼尔斯楼",
        "operator": "University of Minnesota",
        "operator:wikidata": "Q238101",
        "short_name": "NHH",
        "source": "UMN Final Data.xlsx 2014-03-07",
        "start_date": "1996",
        "umn:BuildingCenterXYLatitude": "44.972939",
        "umn:BuildingCenterXYLongitude": "-93.23426",
        "umn:BuildingNumber": "178",
        "umn:CampusNumber": "1"
      },
      "geometry": {
        "type": "Polygon",
        "coordinates": [
          [
            [
              -93.2344492,
              44.9725266
            ],
            [
              -93.2339686,
              44.9725292
            ],
            [
              -93.2339739,
              44.9730347
            ],
            [
              -93.2339742,
              44.9730494
            ],
            [
              -93.2339744,
              44.9730727
            ],
            [
              -93.2339746,
              44.9730868
            ],
            [
              -93.2339748,
              44.9731049
            ],
            [
              -93.2340475,
              44.9731045
            ],
            [
              -93.2340481,
              44.9731607
            ],
            [
              -93.2340505,
              44.973391
            ],
            [
              -93.2340798,
              44.973391
            ],
            [
              -93.2341123,
              44.9733914
            ],
            [
              -93.2341419,
              44.9734031
            ],
            [
              -93.2341681,
              44.9734101
            ],
            [
              -93.2341993,
              44.9734137
            ],
            [
              -93.2342282,
              44.9734152
            ],
            [
              -93.234265,
              44.9734139
            ],
            [
              -93.234299,
              44.9734076
            ],
            [
              -93.2343235,
              44.9733985
            ],
            [
              -93.2343466,
              44.9733895
            ],
            [
              -93.234398,
              44.9733892
            ],
            [
              -93.2343958,
              44.9731822
            ],
            [
              -93.2343848,
              44.9731828
            ],
            [
              -93.234384,
              44.9731461
            ],
            [
              -93.2343828,
              44.9730941
            ],
            [
              -93.2344586,
              44.9730937
            ],
            [
              -93.2344508,
              44.9726258
            ],
            [
              -93.2344492,
              44.9725266
            ]
          ]
        ]
      },
      "id": "way/37184292"
    },
    {
      "type": "Feature",
      "properties": {
        "@id": "way/39187076",
        "addr:city": "Minneapolis",
        "addr:country": "US",
        "addr:housenumber": "207",
        "addr:postcode": "55455",
        "addr:state": "MN",
        "addr:street": "Southeast Church Street",
        "building": "university",
        "building:levels": "4",
        "name": "Lind Hall",
        "name:zh": "林德楼",
        "operator": "University of Minnesota",
        "operator:wikidata": "Q238101",
        "short_name": "LindH",
        "source": "UMN Final Data.xlsx 2014-03-07",
        "start_date": "1912",
        "umn:BuildingCenterXYLatitude": "44.974524",
        "umn:BuildingCenterXYLongitude": "-93.233469",
        "umn:BuildingNumber": "31",
        "umn:CampusNumber": "1"
      },
      "geometry": {
        "type": "Polygon",
        "coordinates": [
          [
            [
              -93.2330827,
              44.9742684
            ],
            [
              -93.2330838,
              44.9743811
            ],
            [
              -93.2333647,
              44.9743797
            ],
            [
              -93.2333643,
              44.974341
            ],
            [
              -93.2334029,
              44.9743409
            ],
            [
              -93.2334035,
              44.9744066
            ],
            [
              -93.2334046,
              44.9745159
            ],
            [
              -93.2334058,
              44.9746433
            ],
            [
              -93.2334063,
              44.9746909
            ],
            [
              -93.2333638,
              44.9746911
            ],
            [
              -93.2333634,
              44.9746518
            ],
            [
              -93.2330869,
              44.9746532
            ],
            [
              -93.233088,
              44.9747631
            ],
            [
              -93.2333673,
              44.9747617
            ],
            [
              -93.2333669,
              44.974723
            ],
            [
              -93.2334037,
              44.9747228
            ],
            [
              -93.2334041,
              44.9747618
            ],
            [
              -93.2334049,
              44.9748383
            ],
            [
              -93.2334523,
              44.9748384
            ],
            [
              -93.2334819,
              44.9748381
            ],
            [
              -93.233539,
              44.9748376
            ],
            [
              -93.2335795,
              44.9748374
            ],
            [
              -93.2336115,
              44.9748373
            ],
            [
              -93.2336157,
              44.9748373
            ],
            [
              -93.2336671,
              44.974837
            ],
            [
              -93.233667,
              44.9748294
            ],
            [
              -93.2336664,
              44.9747656
            ],
            [
              -93.2336856,
              44.9747655
            ],
            [
              -93.2336845,
              44.9746486
            ],
            [
              -93.233665,
              44.9746487
            ],
            [
              -93.2336641,
              44.9745603
            ],
            [
              -93.2336637,
              44.9745189
            ],
            [
              -93.2336632,
              44.9744702
            ],
            [
              -93.2336624,
              44.9743816
            ],
            [
              -93.2336823,
              44.9743815
            ],
            [
              -93.2336812,
              44.9742648
            ],
            [
              -93.2336654,
              44.9742649
            ],
            [
              -93.2336647,
              44.9741936
            ],
            [
              -93.2335652,
              44.9741941
            ],
            [
              -93.2335131,
              44.9741943
            ],
            [
              -93.2334002,
              44.9741949
            ],
            [
              -93.2334012,
              44.9743065
            ],
            [
              -93.2333647,
              44.9743066
            ],
            [
              -93.2333643,
              44.974267
            ],
            [
              -93.2330827,
              44.9742684
            ]
          ]
        ]
      },
      "id": "way/39187076"
    },
    {
      "type": "Feature",
      "properties": {
        "@id": "way/40760469",
        "addr:city": "Minneapolis",
        "addr:country": "US",
        "addr:housenumber": "72",
        "addr:postcode": "55455",
        "addr:state": "MN",
        "addr:street": "Southeast Pleasant Street",
        "building": "university",
        "building:levels": "3",
        "name": "Scott Hall",
        "operator": "University of Minnesota",
        "operator:wikidata": "Q238101",
        "roof:levels": "1",
        "roof:shape": "gabled",
        "short_name": "ScottH",
        "source": "UMN Final Data.xlsx 2014-03-07",
        "start_date": "1923",
        "umn:BuildingCenterXYLatitude": "44.976842",
        "umn:BuildingCenterXYLongitude": "-93.237085",
        "umn:BuildingNumber": "40",
        "umn:CampusNumber": "1"
      },
      "geometry": {
        "type": "Polygon",
        "coordinates": [
          [
            [
              -93.237255,
              44.9765834
            ],
            [
              -93.2371598,
              44.9765639
            ],
            [
              -93.2371716,
              44.9765351
            ],
            [
              -93.2371295,
              44.9765265
            ],
            [
              -93.2371179,
              44.9765548
            ],
            [
              -93.2370094,
              44.9765326
            ],
            [
              -93.2369578,
              44.9766586
            ],
            [
              -93.2369897,
              44.9766652
            ],
            [
              -93.2369765,
              44.9766975
            ],
            [
              -93.2369286,
              44.9768142
            ],
            [
              -93.2369044,
              44.9768733
            ],
            [
              -93.2368806,
              44.9769315
            ],
            [
              -93.2368187,
              44.9770827
            ],
            [
              -93.2370014,
              44.9771201
            ],
            [
              -93.2370303,
              44.9770496
            ],
            [
              -93.2370547,
              44.9770546
            ],
            [
              -93.237047,
              44.9770732
            ],
            [
              -93.2371218,
              44.9770886
            ],
            [
              -93.2371465,
              44.9770283
            ],
            [
              -93.2371488,
              44.9770227
            ],
            [
              -93.2370745,
              44.9770075
            ],
            [
              -93.2370675,
              44.9770245
            ],
            [
              -93.2370413,
              44.9770192
            ],
            [
              -93.2370751,
              44.9769366
            ],
            [
              -93.2371115,
              44.9769441
            ],
            [
              -93.237134,
              44.9768892
            ],
            [
              -93.2370972,
              44.9768816
            ],
            [
              -93.2371694,
              44.9767051
            ],
            [
              -93.2372024,
              44.9767119
            ],
            [
              -93.237255,
              44.9765834
            ]
          ]
        ]
      },
      "id": "way/40760469"
    },
    {
      "type": "Feature",
      "properties": {
        "@id": "way/41405167",
        "addr:city": "Minneapolis",
        "addr:country": "US",
        "addr:housenumber": "100",
        "addr:postcode": "55455",
        "addr:state": "MN",
        "addr:street": "Union Street SE",
        "building": "university",
        "building:levels": "4",
        "name": "Shepherd Laboratories",
        "operator": "University of Minnesota",
        "operator:wikidata": "Q238101",
        "roof:levels": "1",
        "roof:shape": "flat",
        "short_name": "ShepLab",
        "source": "UMN Final Data.xlsx 2014-03-07",
        "start_date": "1966",
        "umn:BuildingCenterXYLatitude": "44.975875",
        "umn:BuildingCenterXYLongitude": "-93.232425",
        "umn:BuildingNumber": "125",
        "umn:CampusNumber": "1"
      },
      "geometry": {
        "type": "Polygon",
        "coordinates": [
          [
            [
              -93.2320297,
              44.9757442
            ],
            [
              -93.2320297,
              44.9757687
            ],
            [
              -93.2320297,
              44.9759931
            ],
            [
              -93.2326538,
              44.9759908
            ],
            [
              -93.2326511,
              44.9759116
            ],
            [
              -93.2326452,
              44.9757419
            ],
            [
              -93.2325797,
              44.9757417
            ],
            [
              -93.232394,
              44.9757411
            ],
            [
              -93.232348,
              44.9757419
            ],
            [
              -93.2323114,
              44.9757427
            ],
            [
              -93.2320297,
              44.9757442
            ]
          ]
        ]
      },
      "id": "way/41405167"
    },
    {
      "type": "Feature",
      "properties": {
        "@id": "way/41424184",
        "addr:city": "Minneapolis",
        "addr:country": "US",
        "addr:housenumber": "515",
        "addr:postcode": "55455",
        "addr:state": "MN",
        "addr:street": "Southeast Delaware Street",
        "building": "university",
        "building:levels": "17",
        "name": "Moos Health Sciences Tower",
        "official_name": "Malcolm Moos Health Sciences Tower",
        "operator": "University of Minnesota",
        "operator:wikidata": "Q238101",
        "roof:levels": "0",
        "short_name": "MoosT",
        "source": "UMN Final Data.xlsx 2014-03-07",
        "start_date": "1970",
        "umn:BuildingCenterXYLatitude": "44.973019",
        "umn:BuildingCenterXYLongitude": "-93.231532",
        "umn:BuildingNumber": "142",
        "umn:CampusNumber": "1",
        "wikidata": "Q6742750"
      },
      "geometry": {
        "type": "Polygon",
        "coordinates": [
          [
            [
              -93.231801,
              44.9732439
            ],
            [
              -93.2318002,
              44.973213
            ],
            [
              -93.2317994,
              44.9730639
            ],
            [
              -93.2317989,
              44.9727456
            ],
            [
              -93.2317647,
              44.9727455
            ],
            [
              -93.2317648,
              44.9727004
            ],
            [
              -93.2313163,
              44.9726999
            ],
            [
              -93.2310396,
              44.9726983
            ],
            [
              -93.2310458,
              44.973239
            ],
            [
              -93.2312781,
              44.9732382
            ],
            [
              -93.2313183,
              44.9732403
            ],
            [
              -93.231801,
              44.9732439
            ]
          ]
        ]
      },
      "id": "way/41424184"
    },
    {
      "type": "Feature",
      "properties": {
        "@id": "way/41424187",
        "addr:city": "Minneapolis",
        "addr:country": "US",
        "addr:housenumber": "321",
        "addr:postcode": "55455",
        "addr:state": "MN",
        "addr:street": "Southeast Church Street",
        "building": "university",
        "building:levels": "4",
        "name": "Jackson Hall",
        "name:zh": "杰克逊楼",
        "operator": "University of Minnesota",
        "operator:wikidata": "Q238101",
        "roof:levels": "0",
        "roof:shape": "quadruple_saltbox",
        "short_name": "JacH",
        "source": "UMN Final Data.xlsx 2014-03-07",
        "start_date": "1912",
        "umn:BuildingCenterXYLatitude": "44.973179",
        "umn:BuildingCenterXYLongitude": "-93.233511",
        "umn:BuildingNumber": "32",
        "umn:CampusNumber": "1"
      },
      "geometry": {
        "type": "Polygon",
        "coordinates": [
          [
            [
              -93.2334803,
              44.973302
            ],
            [
              -93.2331318,
              44.9733036
            ],
            [
              -93.2331324,
              44.9733572
            ],
            [
              -93.2330647,
              44.9733576
            ],
            [
              -93.2330652,
              44.9734161
            ],
            [
              -93.2331377,
              44.9734157
            ],
            [
              -93.2331382,
              44.9734724
            ],
            [
              -93.2336675,
              44.9734698
            ],
            [
              -93.2336658,
              44.9733027
            ],
            [
              -93.2336467,
              44.9733028
            ],
            [
              -93.2336439,
              44.9730221
            ],
            [
              -93.2336649,
              44.973022
            ],
            [
              -93.2336648,
              44.973014
            ],
            [
              -93.2336646,
              44.9729956
            ],
            [
              -93.2336648,
              44.972977
            ],
            [
              -93.233665,
              44.9729586
            ],
            [
              -93.233698,
              44.9729594
            ],
            [
              -93.2336978,
              44.9729401
            ],
            [
              -93.2336977,
              44.9729224
            ],
            [
              -93.2336639,
              44.9729223
            ],
            [
              -93.2336632,
              44.97285
            ],
            [
              -93.2335633,
              44.9728505
            ],
            [
              -93.2335631,
              44.9728293
            ],
            [
              -93.233586,
              44.9728292
            ],
            [
              -93.2335855,
              44.9727824
            ],
            [
              -93.2333777,
              44.9727834
            ],
            [
              -93.2333781,
              44.9728296
            ],
            [
              -93.233408,
              44.9728295
            ],
            [
              -93.2334082,
              44.9728507
            ],
            [
              -93.2332632,
              44.9728514
            ],
            [
              -93.233264,
              44.9729305
            ],
            [
              -93.2332646,
              44.972996
            ],
            [
              -93.2332649,
              44.9730252
            ],
            [
              -93.2334778,
              44.9730242
            ],
            [
              -93.2334782,
              44.9730743
            ],
            [
              -93.2334164,
              44.9730746
            ],
            [
              -93.2334172,
              44.9731577
            ],
            [
              -93.2334181,
              44.9732466
            ],
            [
              -93.2334259,
              44.9732466
            ],
            [
              -93.2334797,
              44.9732463
            ],
            [
              -93.2334803,
              44.973302
            ]
          ]
        ]
      },
      "id": "way/41424187"
    },
    {
      "type": "Feature",
      "properties": {
        "@id": "way/46702671",
        "amenity": "cafe",
        "building": "yes",
        "building:levels": "2",
        "cuisine": "coffee_shop",
        "name": "The Cube"
      },
      "geometry": {
        "type": "Polygon",
        "coordinates": [
          [
            [
              -93.2362789,
              44.9734621
            ],
            [
              -93.2362777,
              44.9733236
            ],
            [
              -93.2362674,
              44.9733236
            ],
            [
              -93.2361956,
              44.973324
            ],
            [
              -93.2360743,
              44.9733245
            ],
            [
              -93.2360751,
              44.9734151
            ],
            [
              -93.2360755,
              44.973463
            ],
            [
              -93.2362789,
              44.9734621
            ]
          ]
        ]
      },
      "id": "way/46702671"
    },
    {
      "type": "Feature",
      "properties": {
        "@id": "way/77458514",
        "addr:city": "Minneapolis",
        "addr:country": "US",
        "addr:housenumber": "420",
        "addr:postcode": "55455",
        "addr:state": "MN",
        "addr:street": "Southeast Washington Avenue",
        "building": "university",
        "building:levels": "7",
        "name": "Molecular & Cellular Biology",
        "operator": "University of Minnesota",
        "operator:wikidata": "Q238101",
        "roof:levels": "0",
        "short_name": "MCB",
        "source": "UMN Final Data.xlsx 2014-03-07",
        "start_date": "2002",
        "umn:BuildingCenterXYLatitude": "44.973103",
        "umn:BuildingCenterXYLongitude": "-93.232583",
        "umn:BuildingNumber": "186",
        "umn:CampusNumber": "1"
      },
      "geometry": {
        "type": "Polygon",
        "coordinates": [
          [
            [
              -93.2327913,
              44.9728525
            ],
            [
              -93.2321605,
              44.9728528
            ],
            [
              -93.2321623,
              44.9730641
            ],
            [
              -93.2321632,
              44.9732109
            ],
            [
              -93.2321671,
              44.973484
            ],
            [
              -93.2323345,
              44.9734824
            ],
            [
              -93.2323345,
              44.9734586
            ],
            [
              -93.2323778,
              44.973459
            ],
            [
              -93.2323808,
              44.9735075
            ],
            [
              -93.232441,
              44.9735072
            ],
            [
              -93.2326258,
              44.9731705
            ],
            [
              -93.2326897,
              44.9731701
            ],
            [
              -93.2326899,
              44.9731375
            ],
            [
              -93.2329147,
              44.9731368
            ],
            [
              -93.232934,
              44.9731026
            ],
            [
              -93.2329463,
              44.9731031
            ],
            [
              -93.2329658,
              44.9731039
            ],
            [
              -93.2329663,
              44.9730567
            ],
            [
              -93.2329664,
              44.9730426
            ],
            [
              -93.2329969,
              44.9729912
            ],
            [
              -93.2329622,
              44.972992
            ],
            [
              -93.2329591,
              44.9728992
            ],
            [
              -93.2330274,
              44.9728989
            ],
            [
              -93.2330231,
              44.9728561
            ],
            [
              -93.2327913,
              44.9728525
            ]
          ]
        ]
      },
      "id": "way/77458514"
    },
    {
      "type": "Feature",
      "properties": {
        "@id": "way/86133535",
        "addr:city": "Minneapolis",
        "addr:country": "US",
        "addr:housenumber": "500",
        "addr:postcode": "55455",
        "addr:state": "MN",
        "addr:street": "Pillsbury Drive Southeast",
        "building": "university",
        "building:levels": "7",
        "name": "Civil Engineering Building",
        "operator": "University of Minnesota",
        "operator:wikidata": "Q238101",
        "roof:levels": "1",
        "roof:shape": "flat",
        "short_name": "CivE",
        "source": "UMN Final Data.xlsx 2014-03-07",
        "start_date": "1979",
        "umn:BuildingCenterXYLatitude": "44.976206",
        "umn:BuildingCenterXYLongitude": "-93.231444",
        "umn:BuildingNumber": "156",
        "umn:CampusNumber": "1"
      },
      "geometry": {
        "type": "Polygon",
        "coordinates": [
          [
            [
              -93.2312929,
              44.9759965
            ],
            [
              -93.2312171,
              44.9760897
            ],
            [
              -93.2311859,
              44.9761281
            ],
            [
              -93.2311009,
              44.9760935
            ],
            [
              -93.2310739,
              44.9761266
            ],
            [
              -93.2311326,
              44.9761505
            ],
            [
              -93.2311153,
              44.9761717
            ],
            [
              -93.2310909,
              44.9761618
            ],
            [
              -93.2310497,
              44.9762125
            ],
            [
              -93.2311862,
              44.9762681
            ],
            [
              -93.2311989,
              44.9762524
            ],
            [
              -93.2316701,
              44.9764441
            ],
            [
              -93.2316908,
              44.9764186
            ],
            [
              -93.2317315,
              44.9763686
            ],
            [
              -93.2316765,
              44.9763462
            ],
            [
              -93.2316822,
              44.9763391
            ],
            [
              -93.231696,
              44.9763222
            ],
            [
              -93.2317948,
              44.9762007
            ],
            [
              -93.2313217,
              44.9760105
            ],
            [
              -93.2312929,
              44.9759965
            ]
          ]
        ]
      },
      "id": "way/86133535"
    },
    {
      "type": "Feature",
      "properties": {
        "@id": "way/153915800",
        "addr:city": "Minneapolis",
        "addr:country": "US",
        "addr:housenumber": "115",
        "addr:postcode": "55455",
        "addr:state": "MN",
        "addr:street": "Southeast Union Street",
        "building": "university",
        "building:levels": "4",
        "name": "Physics and Nanotechnology Building",
        "name:zh": "物理和纳米技术楼",
        "operator": "University of Minnesota",
        "operator:wikidata": "Q238101",
        "roof:levels": "1",
        "roof:shape": "flat",
        "short_name": "PAN",
        "start_date": "2014",
        "umn:BuildingCenterXYLatitude": "44.9753488",
        "umn:BuildingCenterXYLongitude": "-93.2315593",
        "umn:BuildingNumber": "155",
        "umn:CampusNumber": "1"
      },
      "geometry": {
        "type": "Polygon",
        "coordinates": [
          [
            [
              -93.2313049,
              44.975415
            ],
            [
              -93.2312619,
              44.9754153
            ],
            [
              -93.2312281,
              44.9754155
            ],
            [
              -93.2311696,
              44.9754159
            ],
            [
              -93.2311724,
              44.975642
            ],
            [
              -93.2311902,
              44.9756419
            ],
            [
              -93.2312783,
              44.9756414
            ],
            [
              -93.2313546,
              44.9756414
            ],
            [
              -93.2313546,
              44.9756011
            ],
            [
              -93.2314749,
              44.9756012
            ],
            [
              -93.2315451,
              44.9756011
            ],
            [
              -93.2319109,
              44.9755999
            ],
            [
              -93.2319082,
              44.9751744
            ],
            [
              -93.231838,
              44.9751746
            ],
            [
              -93.2318376,
              44.9751174
            ],
            [
              -93.2318375,
              44.9751042
            ],
            [
              -93.2318243,
              44.9751042
            ],
            [
              -93.2317837,
              44.9751043
            ],
            [
              -93.2317832,
              44.9750183
            ],
            [
              -93.2312605,
              44.9750198
            ],
            [
              -93.2312611,
              44.9751178
            ],
            [
              -93.2313314,
              44.9751176
            ],
            [
              -93.2313315,
              44.9751427
            ],
            [
              -93.2313318,
              44.9751799
            ],
            [
              -93.2313031,
              44.97518
            ],
            [
              -93.2313048,
              44.9754034
            ],
            [
              -93.2313049,
              44.975415
            ]
          ]
        ]
      },
      "id": "way/153915800"
    },
    {
      "type": "Feature",
      "properties": {
        "@id": "way/159934164",
        "building": "roof",
        "layer": "1"
      },
      "geometry": {
        "type": "Polygon",
        "coordinates": [
          [
            [
              -93.2321632,
              44.9732109
            ],
            [
              -93.2321623,
              44.9730641
            ],
            [
              -93.2320984,
              44.9730643
            ],
            [
              -93.2320981,
              44.9730145
            ],
            [
              -93.2319085,
              44.9730151
            ],
            [
              -93.2319088,
              44.9730636
            ],
            [
              -93.2317994,
              44.9730639
            ],
            [
              -93.2318002,
              44.973213
            ],
            [
              -93.2319135,
              44.9732118
            ],
            [
              -93.2319138,
              44.9732607
            ],
            [
              -93.2320999,
              44.9732601
            ],
            [
              -93.2320995,
              44.9732111
            ],
            [
              -93.2321632,
              44.9732109
            ]
          ]
        ]
      },
      "id": "way/159934164"
    },
    {
      "type": "Feature",
      "properties": {
        "@id": "way/159934632",
        "building": "roof",
        "layer": "1"
      },
      "geometry": {
        "type": "Polygon",
        "coordinates": [
          [
            [
              -93.2349529,
              44.9763178
            ],
            [
              -93.2348742,
              44.9763186
            ],
            [
              -93.2348741,
              44.9762673
            ],
            [
              -93.2348142,
              44.9762674
            ],
            [
              -93.2347524,
              44.9762675
            ],
            [
              -93.2347529,
              44.9764161
            ],
            [
              -93.2347534,
              44.9765655
            ],
            [
              -93.2348232,
              44.9765654
            ],
            [
              -93.2348796,
              44.9765653
            ],
            [
              -93.2348793,
              44.9764805
            ],
            [
              -93.2349543,
              44.9764814
            ],
            [
              -93.2349536,
              44.9763996
            ],
            [
              -93.2349529,
              44.9763178
            ]
          ]
        ]
      },
      "id": "way/159934632"
    },
    {
      "type": "Feature",
      "properties": {
        "@id": "way/172089954",
        "addr:city": "Minneapolis",
        "addr:country": "US",
        "addr:housenumber": "110",
        "addr:postcode": "55455",
        "addr:state": "MN",
        "addr:street": "Union Street SE",
        "building": "university",
        "building:levels": "3",
        "faculty": "aerospace",
        "name": "Akerman Hall",
        "name:zh": "阿克曼楼",
        "operator": "University of Minnesota",
        "operator:wikidata": "Q238101",
        "roof:shape": "flat",
        "short_name": "AkerH",
        "source": "UMN Final Data.xlsx 2014-03-07",
        "start_date": "1948",
        "umn:BuildingCenterXYLatitude": "44.975333",
        "umn:BuildingCenterXYLongitude": "-93.232321",
        "umn:BuildingNumber": "266",
        "umn:CampusNumber": "1"
      },
      "geometry": {
        "type": "Polygon",
        "coordinates": [
          [
            [
              -93.2321853,
              44.9756029
            ],
            [
              -93.2323063,
              44.9756037
            ],
            [
              -93.232312,
              44.9756037
            ],
            [
              -93.2323429,
              44.9756039
            ],
            [
              -93.2324888,
              44.9756048
            ],
            [
              -93.2324903,
              44.975396
            ],
            [
              -93.2324253,
              44.9753932
            ],
            [
              -93.2324224,
              44.9752076
            ],
            [
              -93.2324213,
              44.9751361
            ],
            [
              -93.2324194,
              44.9749996
            ],
            [
              -93.2321397,
              44.9750014
            ],
            [
              -93.2321403,
              44.9750824
            ],
            [
              -93.2321407,
              44.9751343
            ],
            [
              -93.232141,
              44.9751721
            ],
            [
              -93.2321486,
              44.9751723
            ],
            [
              -93.2321713,
              44.9751729
            ],
            [
              -93.2321799,
              44.9751731
            ],
            [
              -93.2321837,
              44.9754742
            ],
            [
              -93.2321853,
              44.9756029
            ]
          ]
        ]
      },
      "id": "way/172089954"
    },
    {
      "type": "Feature",
      "properties": {
        "@id": "way/174392151",
        "addr:city": "Minneapolis",
        "addr:country": "US",
        "addr:housenumber": "206",
        "addr:postcode": "55455",
        "addr:state": "MN",
        "addr:street": "Southeast Church Street",
        "building": "university",
        "building:levels": "6",
        "building:min_level": "1",
        "description": "Department of Mathematics",
        "layer": "1",
        "name": "Vincent Hall",
        "name:zh": "文森特楼",
        "operator": "University of Minnesota",
        "operator:wikidata": "Q238101",
        "roof:levels": "0",
        "short_name": "VinH",
        "source": "UMN Final Data.xlsx 2014-03-07",
        "start_date": "1938",
        "umn:BuildingCenterXYLatitude": "44.97451",
        "umn:BuildingCenterXYLongitude": "-93.234684",
        "umn:BuildingNumber": "60",
        "umn:CampusNumber": "1"
      },
      "geometry": {
        "type": "Polygon",
        "coordinates": [
          [
            [
              -93.2346062,
              44.9743672
            ],
            [
              -93.2346062,
              44.9746539
            ],
            [
              -93.2345932,
              44.9746539
            ],
            [
              -93.2345932,
              44.9746423
            ],
            [
              -93.2343567,
              44.9746422
            ],
            [
              -93.2343569,
              44.9747125
            ],
            [
              -93.2343563,
              44.974746
            ],
            [
              -93.234595,
              44.9747461
            ],
            [
              -93.234595,
              44.9747384
            ],
            [
              -93.2346065,
              44.9747384
            ],
            [
              -93.2346065,
              44.9747926
            ],
            [
              -93.2348274,
              44.9747927
            ],
            [
              -93.2348275,
              44.9745884
            ],
            [
              -93.2348666,
              44.9745884
            ],
            [
              -93.2348666,
              44.9745039
            ],
            [
              -93.2348667,
              44.9744347
            ],
            [
              -93.234822,
              44.9744346
            ],
            [
              -93.2348221,
              44.9742299
            ],
            [
              -93.2347271,
              44.9742299
            ],
            [
              -93.2346059,
              44.9742299
            ],
            [
              -93.2346059,
              44.9742852
            ],
            [
              -93.2345909,
              44.9742852
            ],
            [
              -93.2345909,
              44.9742781
            ],
            [
              -93.2343564,
              44.9742781
            ],
            [
              -93.2343559,
              44.9743047
            ],
            [
              -93.2343561,
              44.9743773
            ],
            [
              -93.2345918,
              44.9743773
            ],
            [
              -93.2345918,
              44.9743672
            ],
            [
              -93.2346062,
              44.9743672
            ]
          ]
        ]
      },
      "id": "way/174392151"
    },
    {
      "type": "Feature",
      "properties": {
        "@id": "way/248678680",
        "building": "roof",
        "layer": "1"
      },
      "geometry": {
        "type": "Polygon",
        "coordinates": [
          [
            [
              -93.2357844,
              44.9764761
            ],
            [
              -93.2358628,
              44.9764762
            ],
            [
              -93.2358629,
              44.9764114
            ],
            [
              -93.2358631,
              44.9763479
            ],
            [
              -93.2357833,
              44.9763478
            ],
            [
              -93.2357838,
              44.976412
            ],
            [
              -93.2357844,
              44.9764761
            ]
          ]
        ]
      },
      "id": "way/248678680"
    },
    {
      "type": "Feature",
      "properties": {
        "@id": "way/255808960",
        "addr:city": "Minneapolis",
        "addr:country": "US",
        "addr:housenumber": "222",
        "addr:postcode": "55455",
        "addr:state": "MN",
        "addr:street": "Southeast Pleasant Street",
        "building": "university",
        "building:levels": "5",
        "name": "Robert H. Bruininks Hall",
        "old_name": "Science Teaching and Student Services",
        "operator": "University of Minnesota",
        "operator:wikidata": "Q238101",
        "short_name": "Bruininks Hall",
        "source": "UMN Final Data.xlsx 2014-03-07",
        "start_date": "2009",
        "umn:BuildingCenterXYLatitude": "44.974109",
        "umn:BuildingCenterXYLongitude": "-93.237291",
        "umn:BuildingNumber": "299",
        "umn:CampusNumber": "1",
        "wheelchair": "yes"
      },
      "geometry": {
        "type": "Polygon",
        "coordinates": [
          [
            [
              -93.2374047,
              44.9743545
            ],
            [
              -93.2374542,
              44.9743047
            ],
            [
              -93.2374962,
              44.9742495
            ],
            [
              -93.2375188,
              44.9742061
            ],
            [
              -93.2375457,
              44.974124
            ],
            [
              -93.2375538,
              44.9740435
            ],
            [
              -93.2375489,
              44.9739706
            ],
            [
              -93.2375218,
              44.9738795
            ],
            [
              -93.2374751,
              44.9738254
            ],
            [
              -93.2374275,
              44.9737966
            ],
            [
              -93.2373577,
              44.9737706
            ],
            [
              -93.2372923,
              44.9737684
            ],
            [
              -93.2372248,
              44.9737761
            ],
            [
              -93.2371718,
              44.9738018
            ],
            [
              -93.2371314,
              44.973841
            ],
            [
              -93.2371216,
              44.9738752
            ],
            [
              -93.2371207,
              44.9739153
            ],
            [
              -93.2370926,
              44.9743834
            ],
            [
              -93.2371335,
              44.9743829
            ],
            [
              -93.2371016,
              44.9744119
            ],
            [
              -93.2371457,
              44.9744265
            ],
            [
              -93.2371834,
              44.9744342
            ],
            [
              -93.2372125,
              44.9744366
            ],
            [
              -93.2372444,
              44.9744342
            ],
            [
              -93.2372911,
              44.9744232
            ],
            [
              -93.2373287,
              44.9744078
            ],
            [
              -93.2374047,
              44.9743545
            ]
          ]
        ]
      },
      "id": "way/255808960"
    },
    {
      "type": "Feature",
      "properties": {
        "@id": "way/255808962",
        "addr:city": "Minneapolis",
        "addr:country": "US",
        "addr:housenumber": "128",
        "addr:postcode": "55455",
        "addr:state": "MN",
        "addr:street": "Southeast Pleasant Street",
        "building": "university",
        "building:levels": "4",
        "name": "Appleby Hall",
        "operator": "University of Minnesota",
        "operator:wikidata": "Q238101",
        "roof:levels": "0",
        "short_name": "ApH",
        "source": "UMN Final Data.xlsx 2014-03-07",
        "start_date": "1915",
        "umn:BuildingCenterXYLatitude": "44.974876",
        "umn:BuildingCenterXYLongitude": "-93.237294",
        "umn:BuildingNumber": "37",
        "umn:CampusNumber": "1"
      },
      "geometry": {
        "type": "Polygon",
        "coordinates": [
          [
            [
              -93.2375265,
              44.974751
            ],
            [
              -93.2375241,
              44.9745711
            ],
            [
              -93.2370878,
              44.9745741
            ],
            [
              -93.2370896,
              44.9747553
            ],
            [
              -93.237099,
              44.9747551
            ],
            [
              -93.2371027,
              44.9748897
            ],
            [
              -93.237107,
              44.9750377
            ],
            [
              -93.2370966,
              44.9750375
            ],
            [
              -93.2370966,
              44.9752109
            ],
            [
              -93.2371672,
              44.9752091
            ],
            [
              -93.2371681,
              44.9751849
            ],
            [
              -93.2372152,
              44.9751851
            ],
            [
              -93.2372886,
              44.9751854
            ],
            [
              -93.2374423,
              44.975186
            ],
            [
              -93.2374433,
              44.9752139
            ],
            [
              -93.2375257,
              44.9752142
            ],
            [
              -93.2375229,
              44.9749985
            ],
            [
              -93.2373581,
              44.974999
            ],
            [
              -93.2373587,
              44.9748033
            ],
            [
              -93.2373385,
              44.9748033
            ],
            [
              -93.2373371,
              44.9747511
            ],
            [
              -93.2375265,
              44.974751
            ]
          ]
        ]
      },
      "id": "way/255808962"
    },
    {
      "type": "Feature",
      "properties": {
        "@id": "way/255808963",
        "addr:city": "Minneapolis",
        "addr:country": "US",
        "addr:housenumber": "106",
        "addr:postcode": "55455",
        "addr:state": "MN",
        "addr:street": "Southeast Pleasant Street",
        "building": "university",
        "building:levels": "4",
        "name": "Fraser Hall",
        "operator": "University of Minnesota",
        "operator:wikidata": "Q238101",
        "roof:levels": "0",
        "short_name": "FraserH",
        "source": "UMN Final Data.xlsx 2014-03-07",
        "start_date": "1927",
        "umn:BuildingCenterXYLatitude": "44.975568",
        "umn:BuildingCenterXYLongitude": "-93.237326",
        "umn:BuildingNumber": "51",
        "umn:CampusNumber": "1"
      },
      "geometry": {
        "type": "Polygon",
        "coordinates": [
          [
            [
              -93.2377016,
              44.9757815
            ],
            [
              -93.2376548,
              44.9755838
            ],
            [
              -93.2376312,
              44.9755864
            ],
            [
              -93.2375842,
              44.9754049
            ],
            [
              -93.2375817,
              44.975283
            ],
            [
              -93.2374193,
              44.9752804
            ],
            [
              -93.2374202,
              44.9752322
            ],
            [
              -93.2372194,
              44.9752358
            ],
            [
              -93.2372538,
              44.9753326
            ],
            [
              -93.2372373,
              44.9753327
            ],
            [
              -93.2372387,
              44.9753601
            ],
            [
              -93.2372386,
              44.9753859
            ],
            [
              -93.2372734,
              44.9753871
            ],
            [
              -93.2372928,
              44.9754542
            ],
            [
              -93.2372532,
              44.9754551
            ],
            [
              -93.2370778,
              44.9754573
            ],
            [
              -93.237077,
              44.9756598
            ],
            [
              -93.2370761,
              44.9758487
            ],
            [
              -93.2372875,
              44.975847
            ],
            [
              -93.2372894,
              44.9757606
            ],
            [
              -93.2373429,
              44.9757606
            ],
            [
              -93.2373629,
              44.9757608
            ],
            [
              -93.2373746,
              44.975839
            ],
            [
              -93.2374556,
              44.9758342
            ],
            [
              -93.2374491,
              44.9758168
            ],
            [
              -93.2377016,
              44.9757815
            ]
          ]
        ]
      },
      "id": "way/255808963"
    },
    {
      "type": "Feature",
      "properties": {
        "@id": "way/255808964",
        "addr:city": "Minneapolis",
        "addr:country": "US",
        "addr:housenumber": "84",
        "addr:postcode": "55455",
        "addr:state": "MN",
        "addr:street": "Southeast Church Street",
        "amenity": "theatre",
        "building": "university",
        "building:levels": "4",
        "name": "Northrop Memorial Auditorium",
        "operator": "University of Minnesota",
        "operator:wikidata": "Q238101",
        "roof:levels": "1",
        "roof:shape": "flat",
        "short_name": "NMA",
        "source": "UMN Final Data.xlsx 2014-03-07",
        "start_date": "1928",
        "umn:BuildingCenterXYLatitude": "44.976447",
        "umn:BuildingCenterXYLongitude": "-93.235391",
        "umn:BuildingNumber": "53",
        "umn:CampusNumber": "1",
        "website": "https://www.northrop.umn.edu/"
      },
      "geometry": {
        "type": "Polygon",
        "coordinates": [
          [
            [
              -93.2356198,
              44.9768061
            ],
            [
              -93.2357704,
              44.9768021
            ],
            [
              -93.2357556,
              44.9767418
            ],
            [
              -93.2357553,
              44.9767079
            ],
            [
              -93.2357551,
              44.9766881
            ],
            [
              -93.2357861,
              44.9766879
            ],
            [
              -93.2357857,
              44.9766512
            ],
            [
              -93.2357917,
              44.9766511
            ],
            [
              -93.2357916,
              44.9766471
            ],
            [
              -93.2357955,
              44.9766471
            ],
            [
              -93.2357951,
              44.9766003
            ],
            [
              -93.2357923,
              44.9766004
            ],
            [
              -93.2357923,
              44.9765962
            ],
            [
              -93.2357854,
              44.9765962
            ],
            [
              -93.2357844,
              44.9764761
            ],
            [
              -93.2357838,
              44.976412
            ],
            [
              -93.2357833,
              44.9763478
            ],
            [
              -93.2357824,
              44.9762498
            ],
            [
              -93.2357967,
              44.9762497
            ],
            [
              -93.2357966,
              44.9762422
            ],
            [
              -93.2358009,
              44.9762422
            ],
            [
              -93.2358004,
              44.9761897
            ],
            [
              -93.2358003,
              44.9761729
            ],
            [
              -93.2357976,
              44.976173
            ],
            [
              -93.2357976,
              44.9761672
            ],
            [
              -93.2357819,
              44.9761673
            ],
            [
              -93.2357818,
              44.9761635
            ],
            [
              -93.2356823,
              44.9761639
            ],
            [
              -93.2356824,
              44.9761669
            ],
            [
              -93.2356654,
              44.976167
            ],
            [
              -93.2356653,
              44.9761588
            ],
            [
              -93.2356432,
              44.9761589
            ],
            [
              -93.235643,
              44.9761288
            ],
            [
              -93.2355941,
              44.9761291
            ],
            [
              -93.235594,
              44.9761139
            ],
            [
              -93.2353676,
              44.9761149
            ],
            [
              -93.2351416,
              44.9761159
            ],
            [
              -93.2351417,
              44.9761321
            ],
            [
              -93.2350908,
              44.9761323
            ],
            [
              -93.2350911,
              44.9761594
            ],
            [
              -93.2350685,
              44.9761595
            ],
            [
              -93.2350686,
              44.9761688
            ],
            [
              -93.235053,
              44.9761689
            ],
            [
              -93.235053,
              44.9761657
            ],
            [
              -93.235027,
              44.9761658
            ],
            [
              -93.2349522,
              44.9761661
            ],
            [
              -93.2349522,
              44.9761705
            ],
            [
              -93.2349402,
              44.9761705
            ],
            [
              -93.2349403,
              44.9761765
            ],
            [
              -93.2349362,
              44.9761765
            ],
            [
              -93.2349367,
              44.9762427
            ],
            [
              -93.2349408,
              44.9762427
            ],
            [
              -93.2349409,
              44.976254
            ],
            [
              -93.2349524,
              44.976254
            ],
            [
              -93.2349529,
              44.9763178
            ],
            [
              -93.2349536,
              44.9763996
            ],
            [
              -93.2349543,
              44.9764814
            ],
            [
              -93.2349552,
              44.9765754
            ],
            [
              -93.2349437,
              44.9765754
            ],
            [
              -93.2349438,
              44.9765829
            ],
            [
              -93.2349376,
              44.9765829
            ],
            [
              -93.2349382,
              44.976655
            ],
            [
              -93.2349444,
              44.9766549
            ],
            [
              -93.2349445,
              44.9766637
            ],
            [
              -93.2349553,
              44.9766637
            ],
            [
              -93.2349805,
              44.9766898
            ],
            [
              -93.2349825,
              44.9768085
            ],
            [
              -93.2351275,
              44.9768047
            ],
            [
              -93.2351382,
              44.9768429
            ],
            [
              -93.2356152,
              44.9768428
            ],
            [
              -93.2356198,
              44.9768061
            ]
          ]
        ]
      },
      "id": "way/255808964"
    },
    {
      "type": "Feature",
      "properties": {
        "@id": "way/266862141",
        "addr:city": "Minneapolis",
        "addr:country": "US",
        "addr:housenumber": "104",
        "addr:postcode": "55455",
        "addr:state": "MN",
        "addr:street": "Union Street SE",
        "building": "service",
        "name": "104 Union Street",
        "operator": "University of Minnesota",
        "short_name": "104UNST",
        "source": "UMN Final Data.xlsx 2014-03-07",
        "start_date": "1966",
        "umn:BuildingCenterXYLatitude": "44.975826",
        "umn:BuildingCenterXYLongitude": "-93.232767",
        "umn:BuildingNumber": "106",
        "umn:CampusNumber": "1"
      },
      "geometry": {
        "type": "Polygon",
        "coordinates": [
          [
            [
              -93.232835,
              44.9758454
            ],
            [
              -93.2328364,
              44.97578
            ],
            [
              -93.2327756,
              44.9757793
            ],
            [
              -93.2327741,
              44.9758448
            ],
            [
              -93.232835,
              44.9758454
            ]
          ]
        ]
      },
      "id": "way/266862141"
    },
    {
      "type": "Feature",
      "properties": {
        "@id": "way/267223140",
        "addr:city": "Minneapolis",
        "addr:country": "US",
        "addr:housenumber": "86",
        "addr:postcode": "55455",
        "addr:state": "MN",
        "addr:street": "Southeast Pleasant Street",
        "building": "university",
        "building:levels": "4",
        "name": "Wulling Hall",
        "operator": "University of Minnesota",
        "operator:wikidata": "Q238101",
        "short_name": "WullH",
        "source": "UMN Final Data.xlsx 2014-03-07",
        "start_date": "1892",
        "umn:BuildingCenterXYLatitude": "44.976266",
        "umn:BuildingCenterXYLongitude": "-93.237398",
        "umn:BuildingNumber": "6",
        "umn:CampusNumber": "1"
      },
      "geometry": {
        "type": "Polygon",
        "coordinates": [
          [
            [
              -93.2374985,
              44.9764051
            ],
            [
              -93.2376095,
              44.9762531
            ],
            [
              -93.2372226,
              44.9761118
            ],
            [
              -93.237196,
              44.976148
            ],
            [
              -93.2371109,
              44.9762636
            ],
            [
              -93.2372536,
              44.976309
            ],
            [
              -93.2373031,
              44.9763288
            ],
            [
              -93.2373565,
              44.9763496
            ],
            [
              -93.2374985,
              44.9764051
            ]
          ]
        ]
      },
      "id": "way/267223140"
    }
  ]
}